{"cameraMode":{"drawMode":0,"name":"Shaded","section":"Shading Mode"},"sceneLighting":false,"audioPlay":false,"sceneViewState":{"m_AlwaysRefresh":false,"showFog":true,"showSkybox":true,"showFlares":true,"showImageEffects":true,"showParticleSystems":true,"showVisualEffectGraphs":true,"m_FxEnabled":true},"in2DMode":false,"pivot":{"x":5.688889503479004,"y":14.601460456848145,"z":16.929216384887697},"rotation":{"x":-0.07813496142625809,"y":0.8799416422843933,"z":-0.4417843520641327,"w":-0.15543998777866364},"size":2.1737618446350099,"orthographic":false}